Nomor_Aplikasi|Nomor_Urut_Pengurus|Jumlah_Pengrus|Sandi_Jabatan_BI|Pangsa_Kepemilikan|Bentuk_Pengurus|Modal_Dasar|Modal_Disetor|Modal_Ditempatkan|NPWP_Pengurus|Nama_Pengurus|Alamat_Pengurus|Alamat_Kelurahan|Alamat_Kecamatan|Alamat_Dati_11|No_KTP|No_Akte|Tanggal_Lahir|Tanggal_Akte|Dati_11_Tempat_Lahir|Jenis_Kelamin
L000001FSC7100255|01|04|10|01913|2|000000099448|000000017866|000000038528|306198163942204|Yohana Angelina Ivana Firdaus Muhammad Sulaiman Abdan Usama|Jalan Kemang Raya Bhayangkara No.95 RT4|Kelurahan Cipageuran 508527285327400998|kecamatan Bojongsoang 54497573894212818|0113|5718619600827016|33447421971410826513703322812|29022023|10102023|0111|B
L000001FSC7100255|02|04|1|05049|1|0000000295934|0000000258643|0000000991383|012590750462908|Yohana Angelina Ivana Firdaus Muhammad Sulaiman Abdan Usamah|Jalan Kemang Raya Bhayangkara No.18 RT00|Kelurahan Cipageuran 1497050453031335826|kecamatan Cileunyi 624052873806270501872|0113|0049880245377931|354558030606986024614957482453|29022023|10102023|0111|M
L000001FSC7100255|03|04|1|01389|2|0000000183354|0000000791475|0000000115975|292497554970049|Yohana Angelina Ivana Firdaus Muhammad Sulaiman Abdan Usamah|Jalan Kemang Raya Bhayangkara No.05 RT60|Kelurahan Cibabat 6722064275525229914229|kecamatan Cileunyi 747243994054226672883|0113|6096222381651204|086360084062196750036575951363|29022023|10102023|0111|L
L000001FSC7100255|04|04|1|01649|2|0000000484697|0000000226589|0000000286156|352552092932783|Yohana Angelina Ivana Firdaus Muhammad Sulaiman Abdan Usamah|Jalan Kemang Raya Bhayangkara No.97 RT47|Kelurahan Cipageuran 5445770620595913321|kecamatan Cileunyi 217041650688535162236|0113|2133932122175397|359265728311827524153471467511|29022023|10102023|0111|P
